{
  "Routes": [
    //CBS API
    {
      "DownstreamPathTemplate": "/api/v1/CBS",
      "DownstreamScheme": "http",
      "DownstreamHostAndPorts": [
        {
          "Host": "localhost",
          "Port": "20057"
        },
        {
          "Host": "localhost",
          "Port": "20057"
        }
      ],
      "UpstreamPathTemplate": "/",
      "LoadBalancer": "LeastConnection",
      "UpstreamHttpMethod": [
        "GET"
      ]

    }
  ],
  "GlobalConfiguration": {
    "BaseUrl": "http://localhost:5000"
  }
}